city_name,city_population,total,failure_to_attend_muni_cases_2020,parent_contrib_to_nonattend_muni_cases_2020,failure_to_attend_muni_cases_2021,parent_contrib_to_nonattend_muni_cases_2021,failure_to_attend_muni_cases_2022,parent_contrib_to_nonattend_muni_cases_2022,failure_to_attend_muni_cases_2023,parent_contrib_to_nonattend_muni_cases_2023,failure_to_attend_muni_cases_2024,parent_contrib_to_nonattend_muni_cases_2024,failure_to_attend_muni_cases_2025,parent_contrib_to_nonattend_muni_cases_2025
Fort Worth,"741,206","2,730",48,95,52,49,136,156,255,625,368,744,59,143
Rockport,"8,766","1,622",135,147,201,260,169,218,77,105,82,155,20,53
Bastrop,"7,218","1,299",0,95,0,134,0,251,0,199,0,273,0,347
Mabank,"3,035","1,207",0,204,0,185,0,225,0,296,0,186,0,111
Odessa,"99,940","1,113",0,357,0,12,0,84,0,660,0,0,0,0
Marble Falls,"6,077","1,063",113,224,49,94,51,90,64,128,44,127,28,51
Wylie,"41,427",999,52,68,68,59,61,77,95,131,142,140,52,54
Lockhart,"12,698",623,32,141,30,128,31,21,37,18,30,90,25,40
Lufkin,"35,067",574,17,65,0,79,0,45,0,110,0,136,0,122
Dalhart,"7,930",572,0,0,0,0,0,0,0,0,0,0,286,286
Wortham,"1,073",366,0,0,0,0,0,0,0,0,0,0,183,183
Copperas Cove,"32,032",361,0,0,0,0,0,0,52,21,28,50,96,114
Pearsall,"9,146",328,7,0,33,21,45,18,40,17,80,35,23,9
San Angelo,"93,200",277,0,37,0,74,0,57,0,59,0,18,0,32
Kerrville,"22,347",229,20,0,10,0,47,0,56,0,93,0,3,0
Dumas,"14,691",223,0,0,0,5,0,31,0,23,0,108,0,56
Dayton,"7,242",210,0,7,0,0,0,0,0,0,0,82,0,121
Woodville,"2,586",206,0,22,0,9,1,43,0,80,0,25,0,26
Big Spring,"27,282",193,0,0,0,0,0,0,0,0,3,190,,
Edinburg,"77,100",150,0,14,0,0,0,11,0,41,0,84,0,0
Mission,"77,058",137,11,0,0,0,0,0,19,0,66,0,41,0
Silsbee,"6,611",136,0,75,0,58,0,3,0,0,0,0,0,0
Dilley,"3,894",132,23,1,7,0,29,0,17,6,24,2,15,8
DeSoto,"49,047",77,2,0,0,0,7,0,36,0,13,0,19,0
Raymondville,"11,284",77,0,24,0,0,0,0,0,34,0,19,,
Center,"5,193",73,28,0,28,0,6,0,3,0,4,0,4,0
Brownsville,"175,023",52,1,0,24,0,24,0,3,0,0,0,0,0
Josephine,812,51,0,0,0,0,0,0,24,0,27,0,0,0
Tyler,"96,900",47,0,0,0,0,0,0,0,0,4,0,43,0
Hempstead,"5,770",44,0,0,0,0,0,0,0,20,0,5,0,19
Benavides,"1,537",36,0,0,0,8,0,20,0,8,0,0,0,0
Fredericksburg,"10,530",36,0,0,0,0,0,0,10,0,15,0,3,8
Marlin,"5,967",36,22,0,14,0,0,0,0,0,0,0,0,0
Hillsboro,"8,456",34,4,1,6,8,3,1,2,0,2,3,3,1
Coleman,"4,709",29,0,3,8,14,0,0,0,4,0,0,,
Smithville,"3,817",29,2,0,11,1,0,0,11,0,4,0,0,0
Pineland,850,22,0,0,0,6,0,8,0,6,1,0,1,0
Caddo Mills,"1,338",20,0,0,0,5,0,4,0,1,0,2,0,8
Frisco,"116,989",18,0,13,0,5,0,0,0,0,0,0,0,0
Huntington,"2,118",17,0,8,0,9,0,0,0,0,0,0,0,0
Three Rivers,"1,848",16,0,4,0,2,1,8,0,0,1,0,0,0
Bonham,"10,127",14,0,12,0,2,0,0,0,0,0,0,0,0
Hawley,634,10,0,0,0,1,0,1,0,4,0,4,,
North Richland Hills,"63,343",10,0,10,0,0,0,0,0,0,0,0,0,0
Seminole,"6,430",10,0,10,0,0,0,0,0,0,0,0,0,0
Hemphill,"1,198",9,2,0,0,0,0,0,4,0,1,0,2,0
Watauga,"23,497",9,0,0,0,0,0,0,0,0,0,9,0,0
Marfa,"1,981",6,0,0,0,0,0,0,0,0,0,6,0,0
Pleasanton,"8,934",5,0,0,0,0,2,0,3,0,0,0,0,0
Socorro,"32,013",5,0,0,5,0,0,0,0,0,0,0,0,0
Atlanta,"5,675",4,3,0,0,0,0,0,1,0,0,0,0,0
Clarendon,"2,026",4,0,0,0,0,0,0,0,4,0,0,0,0
Daisetta,966,4,0,0,0,0,0,0,0,0,0,4,0,0
League City,"83,560",4,0,0,0,0,0,0,1,0,2,0,1,0
Natalia,"1,431",4,0,0,0,4,0,0,0,0,0,0,,
Sinton,"5,665",4,4,0,0,0,0,0,0,0,0,0,0,0
Star Harbor,444,4,0,0,0,0,0,0,0,0,0,0,2,2
Vidor,"10,579",4,2,0,2,0,0,0,0,0,0,0,,
De Kalb,"1,699",3,0,0,0,3,0,0,0,0,0,0,0,0
Jefferson,"2,106",3,0,0,0,0,0,3,0,0,0,0,0,0
Levelland,"13,542",3,0,0,1,0,2,0,0,0,0,0,0,0
Stephenville,"17,123",3,0,0,0,0,0,0,0,0,0,3,0,0
Sunray,"1,926",3,0,0,2,1,0,0,0,0,0,0,0,0
Vernon,"11,002",3,0,1,0,0,0,0,0,0,0,1,0,1
Whitney,"2,087",3,0,0,0,0,0,0,0,1,0,2,0,0
Azle,"10,947",2,0,0,0,0,0,1,0,1,0,0,0,0
Portland,"15,099",2,1,0,0,0,1,0,0,0,0,0,0,0
Rowlett,"56,199",2,0,0,0,0,0,0,0,2,0,0,0,0
Sour Lake,"1,813",2,2,0,0,0,0,0,0,0,0,0,0,0
Texas City,"45,099",2,0,0,0,0,0,0,0,0,2,0,0,0
Austin,"790,390",1,0,0,0,0,0,0,0,1,0,0,0,0
Bartlett,"1,623",1,0,0,0,0,1,0,0,0,0,0,0,0
Beeville,"12,863",1,1,0,0,0,0,0,0,0,0,0,0,0
Carrollton,"119,097",1,0,1,0,0,0,0,0,0,0,0,0,0
Clifton,"3,442",1,0,1,0,0,0,0,0,0,0,0,0,0
Denver City,"4,479",1,0,0,0,0,0,0,0,0,0,0,0,1
Ector,695,1,0,0,0,0,0,0,0,0,0,1,,
Frost,643,1,0,0,0,0,0,0,0,0,1,0,,
Huntsville,"38,548",1,0,1,0,0,0,0,0,0,0,0,0,0
La Marque,"14,509",1,0,0,0,0,0,0,0,0,1,0,0,0
Lampasas,"6,681",1,0,0,0,0,1,0,0,0,0,0,0,0
Odem,"2,389",1,0,0,0,1,0,0,0,0,0,0,0,0
Olney,"3,285",1,0,0,0,0,0,0,0,0,0,1,0,0
Abernathy,"2,805",0,0,0,0,0,0,0,0,0,0,0,0,0
Abilene,"117,063",0,0,0,0,0,0,0,0,0,0,0,,
Addison,"13,056",0,0,0,0,0,0,0,0,0,0,0,0,0
"Agua Dulce, City of",715,0,0,0,0,0,0,0,,,,,,
Alamo,"18,353",0,0,0,0,0,0,0,0,0,0,0,0,0
Alamo Heights,"7,031",0,0,0,0,0,0,0,0,0,0,0,0,0
Alba,504,0,0,0,0,0,0,0,0,0,0,0,0,0
Albany,"2,034",0,0,0,0,0,0,0,0,0,0,0,0,0
Aledo,"2,716",0,0,0,0,0,0,0,0,0,0,0,,
Alice,"19,104",0,0,0,0,0,0,0,0,0,0,0,0,0
Allen,"84,246",0,0,0,0,0,0,0,0,0,0,0,0,0
Alma,318,0,0,0,0,0,0,0,0,0,0,0,0,0
Alpine,"5,905",0,0,0,0,0,0,0,0,0,0,0,,
Alto,"1,225",0,0,0,0,0,0,0,0,0,0,0,0,0
Alton,"12,341",0,0,0,0,0,0,0,0,0,0,0,0,0
Alvarado,"3,785",0,0,0,0,0,0,0,0,0,0,0,0,0
Alvin,"24,236",0,0,0,0,0,0,0,0,0,0,0,0,0
Alvord,"1,334",0,,,,,0,0,0,0,0,0,0,0
Amarillo,"190,695",0,0,0,0,0,0,0,0,0,0,0,0,0
Ames,"1,138",0,,,,,,,0,0,0,0,0,0
Amherst,721,0,0,0,0,0,0,0,0,0,0,0,0,0
Anahuac,"1,988",0,0,0,0,0,0,0,0,0,,,,
Andrews,"11,088",0,0,0,0,0,0,0,0,0,0,0,0,0
Angleton,"18,862",0,0,0,0,0,0,0,0,0,0,0,0,0
Angus,402,0,0,0,0,0,0,0,0,0,0,0,0,0
Anna,"8,249",0,0,0,0,0,0,0,0,0,0,0,0,0
Anson,"2,430",0,0,0,0,0,0,0,0,0,0,0,,
Anthony,"5,011",0,0,0,0,0,0,0,0,0,0,0,0,0
Anton,"1,126",0,0,0,0,0,0,0,0,0,0,0,,
Aransas Pass,"8,204",0,0,0,0,0,0,0,0,0,0,0,0,0
Archer City,"1,834",0,0,0,0,0,0,0,0,0,0,0,0,0
Arcola,"1,642",0,0,0,0,0,0,0,0,0,0,0,0,0
Argyle,"3,282",0,0,0,0,0,0,0,0,0,0,0,0,0
Arlington,"365,438",0,0,0,0,0,0,0,0,0,0,0,0,0
Arp,970,0,0,0,0,0,0,0,0,0,0,0,0,0
Asherton,"1,264",0,,,,,,,,,,,,
Athens,"12,710",0,0,0,0,0,0,0,0,0,0,0,0,0
Aubrey,"2,595",0,0,0,0,0,0,0,0,0,0,0,0,0
Aurora,"1,220",0,0,0,0,0,0,0,0,0,0,0,0,0
Austin Community Court,"790,390",0,0,0,0,0,0,0,0,0,0,0,0,0
Avinger,444,0,0,0,0,0,0,0,0,0,,,,
Baird,"1,496",0,0,0,0,0,0,0,0,0,0,0,0,0
Balch Springs,"23,728",0,0,0,0,0,0,0,0,0,0,0,0,0
Balcones Heights,"2,941",0,0,0,0,0,0,0,0,0,0,0,0,0
Ballinger,"3,767",0,0,0,0,0,0,0,0,0,0,0,0,0
Bandera,857,0,0,0,0,0,0,0,0,0,0,0,0,0
Bangs,"1,603",0,0,0,0,0,0,0,0,0,0,0,0,0
Bardwell,649,0,0,0,0,0,,,,,,,,
Bartonville,"1,469",0,0,0,0,0,0,0,0,0,0,0,0,0
Bay City,"17,614",0,0,0,0,0,0,0,0,0,0,0,0,0
Bayou Vista,"1,537",0,0,0,0,0,0,0,0,0,0,0,0,0
Bayside,325,0,0,0,0,0,0,0,0,0,0,0,0,0
Baytown,"71,802",0,0,0,0,0,0,0,0,0,0,0,,
Beach City,"1,783",0,0,0,0,0,0,0,0,0,0,0,0,0
Beasley,641,0,,,,,,,,,,,,
Beaumont,"118,296",0,0,0,0,0,0,0,0,0,0,0,0,0
Bedford,"46,979",0,0,0,0,0,0,0,0,0,0,0,0,0
"Bee Cave, City of","3,925",0,0,0,0,0,0,0,0,0,0,0,0,0
Bellaire,"16,855",0,0,0,0,0,0,0,0,0,0,0,0,0
Bellmead,"9,901",0,0,0,0,0,0,0,0,0,0,0,0,0
Bells,"1,392",0,0,0,0,0,0,0,0,0,0,0,0,0
Bellville,"4,097",0,0,0,0,0,0,0,0,0,0,0,0,0
Belton,"18,216",0,0,0,0,0,0,0,0,0,0,0,0,0
Benbrook,"21,234",0,0,0,0,0,0,0,0,0,0,0,0,0
Berryville,975,0,0,0,0,0,0,0,0,0,0,0,0,0
Bertram,"1,353",0,0,0,0,0,0,0,0,0,0,0,0,0
Beverly Hills,"1,995",0,0,0,0,0,0,0,0,0,0,0,0,0
Bevil Oaks,"1,274",0,0,0,0,0,0,0,0,0,,,,
Big Lake,"2,936",0,0,0,0,0,0,0,0,0,0,0,0,0
Big Sandy,"1,343",0,0,0,0,0,0,0,0,0,0,0,0,0
Bishop,"3,134",0,0,0,0,0,0,0,0,0,0,0,0,0
Blanco,"1,739",0,0,0,0,0,0,0,0,0,0,0,0,0
Bloomburg,404,0,0,0,0,0,0,0,0,0,,,,
Blooming Grove,821,0,0,0,0,0,0,0,0,0,0,0,0,0
Blue Mound,"2,394",0,0,0,0,0,0,0,0,0,0,0,0,0
Blue Ridge,822,0,0,0,0,0,0,0,0,0,0,0,,
Boerne,"10,471",0,0,0,0,0,0,0,0,0,0,0,0,0
Bogata,"1,153",0,,,,,,,,,,,,
Booker,"1,516",0,0,0,0,0,0,0,0,0,0,0,0,0
Borger,"13,251",0,0,0,0,0,0,0,0,0,0,0,0,0
Bovina,"1,868",0,0,0,0,0,0,0,0,0,0,0,0,0
Bowie,"5,218",0,0,0,0,0,0,0,0,0,0,0,0,0
Boyd,"1,207",0,0,0,0,0,0,0,0,0,0,0,0,0
Brackettville,"1,688",0,,,,,,,,,,,,
Brady,"5,528",0,0,0,0,0,0,0,0,0,0,0,0,0
Brazoria,"3,019",0,0,0,0,0,0,0,0,0,0,0,0,0
Breckenridge,"5,780",0,0,0,0,0,0,0,0,0,0,0,0,0
Bremond,929,0,0,0,0,0,0,0,0,0,0,0,0,0
Brenham,"15,716",0,0,0,0,0,0,0,0,0,0,0,0,0
Briarcliff,"1,438",0,0,0,0,0,0,0,0,0,0,0,0,0
Briaroaks,492,0,0,0,0,0,0,0,0,0,,,,
Bridge City,"7,840",0,0,0,0,0,0,0,0,0,0,0,0,0
Bridgeport,"5,976",0,0,0,0,0,0,0,0,0,0,0,0,0
Bronte,999,0,0,0,0,0,0,0,0,0,0,0,0,0
Brookshire,"4,702",0,0,0,0,0,0,0,0,0,0,0,0,0
Brookside Village,"1,523",0,0,0,0,0,0,0,0,0,0,0,0,0
Brownfield,"9,657",0,0,0,0,0,0,0,0,0,0,0,0,0
Brownsboro,"1,039",0,0,0,0,0,0,0,0,0,0,0,0,0
Brownwood,"19,288",0,0,0,,,,,,,,,,
Bruceville-Eddy,"1,475",0,0,0,0,0,0,0,0,0,0,0,0,0
Bryan,"76,201",0,0,0,0,0,0,0,0,0,0,0,0,0
Bryson,539,0,0,0,0,0,0,0,0,0,,,,
Buckholts,515,0,0,0,0,0,0,0,0,0,0,0,0,0
Buda,"7,295",0,0,0,0,0,0,0,0,0,0,0,0,0
Buffalo,"1,856",0,0,0,0,0,0,0,0,0,0,0,0,0
Buffalo Springs,453,0,0,0,0,0,0,0,0,0,,,,
Bullard,"2,463",0,0,0,0,0,0,0,0,0,0,0,0,0
Bulverde,"4,630",0,0,0,0,0,0,0,0,0,0,0,0,0
Bunker Hill,"3,633",0,0,0,0,0,0,0,0,0,0,0,0,0
Burkburnett,"10,811",0,0,0,0,0,0,0,0,0,0,0,0,0
Burleson,"36,690",0,0,0,0,0,0,0,0,0,0,0,0,0
Burnet,"5,987",0,0,0,0,0,0,0,0,0,0,0,0,0
Burton,300,0,0,0,0,0,,,,,,,,
Cactus,"3,179",0,0,0,0,0,0,0,0,0,0,0,0,0
Caldwell,"4,104",0,0,0,0,0,0,0,0,0,0,0,0,0
Calvert,"1,192",0,0,0,0,0,0,0,0,0,0,0,0,0
Cameron,"5,552",0,,,,,,,,,,,,
Camp Wood,706,0,,,,,,,,,,,,
Canadian,"2,649",0,0,0,0,0,0,0,0,0,0,0,0,0
Caney City,217,0,,,,,0,0,0,0,0,0,0,0
Canton,"3,581",0,0,0,0,0,0,0,0,0,0,0,0,0
Canyon,"13,303",0,0,0,0,0,0,0,0,0,0,0,0,0
Carrizo Springs,"5,368",0,0,0,0,0,0,0,0,0,,,,
Carthage,"6,779",0,0,0,0,0,0,0,0,0,0,0,,
Castle Hills,"4,116",0,0,0,0,0,0,0,0,0,0,0,0,0
Castroville,"2,680",0,0,0,0,0,0,0,0,0,0,0,0,0
Cedar Hill,"45,028",0,0,0,0,0,0,0,0,0,0,0,0,0
Cedar Park,"48,937",0,0,0,0,0,0,0,0,0,0,0,0,0
Celeste,814,0,0,0,0,0,0,0,0,0,0,0,0,0
Celina,"6,028",0,0,0,0,0,0,0,0,0,0,0,0,0
Chandler,"2,734",0,0,0,0,0,0,0,0,0,0,0,0,0
Channing,363,0,0,0,0,0,0,0,0,0,0,0,0,0
Charlotte,"1,715",0,0,0,0,0,0,0,0,0,0,0,0,0
Chico,"1,002",0,,,,,,,,,,,,
Childress,"6,105",0,0,0,0,0,0,0,0,0,0,0,0,0
Chillicothe,707,0,0,0,0,0,0,0,0,0,0,0,0,0
China,"1,160",0,,,,,,,,,,,,
China Grove,"1,179",0,0,0,0,0,0,0,0,0,0,0,0,0
Cibolo,"15,349",0,0,0,0,0,0,0,0,0,0,0,0,0
Cisco,"3,899",0,0,0,0,0,0,0,0,0,0,0,0,0
Clarksville,"3,285",0,0,0,0,0,0,0,0,0,0,0,0,0
Clarksville City,865,0,0,0,0,0,0,0,0,0,0,0,0,0
Claude,"1,196",0,0,0,0,0,0,0,0,0,,,,
Clear Lake Shores,"1,063",0,0,0,0,0,0,0,0,0,0,0,0,0
Cleburne,"29,337",0,0,0,0,0,0,0,0,0,0,0,0,0
Cleveland,"7,675",0,0,0,0,0,0,0,0,0,0,0,0,0
Clint,926,0,,,,,,,,,,,,
Clute,"11,211",0,0,0,0,0,0,0,0,0,0,0,0,0
Clyde,"3,713",0,0,0,0,0,0,0,0,0,0,0,0,0
Cockrell Hill,"4,193",0,0,0,0,0,0,0,0,0,0,0,0,0
Coffee City,278,0,0,0,0,0,0,0,0,0,0,0,0,0
College Station,"93,857",0,0,0,0,0,0,0,0,0,0,0,0,0
Colleyville,"22,807",0,0,0,0,0,0,0,0,0,0,0,0,0
Collinsville,"1,624",0,0,0,0,0,0,0,0,0,0,0,0,0
Colorado City,"4,146",0,0,0,0,0,0,0,0,0,0,0,0,0
Columbus,"3,655",0,0,0,0,0,0,0,0,0,0,0,0,0
Comanche,"4,335",0,0,0,0,0,0,0,0,0,0,0,0,0
Combes,"2,895",0,0,0,0,0,0,0,0,0,0,0,0,0
Combine,"1,942",0,0,0,0,0,0,0,0,0,0,0,0,0
Commerce,"8,078",0,0,0,0,0,0,0,0,0,0,0,0,0
Como,702,0,,,,,,,,,,,,
Conroe,"56,207",0,0,0,0,0,0,0,0,0,0,0,0,0
Converse,"18,198",0,0,0,0,0,0,0,0,0,0,0,0,0
Coolidge,955,0,0,0,0,0,0,0,0,0,0,0,,
Cooper,"1,969",0,0,0,0,0,0,0,0,0,0,0,0,0
Coppell,"38,659",0,0,0,0,0,0,0,0,0,0,0,0,0
Copper Canyon,"1,334",0,0,0,0,0,0,0,0,0,0,0,0,0
Corinth,"19,935",0,0,0,0,0,0,0,0,0,0,0,0,0
Corpus Christi,"305,215",0,0,0,0,0,0,0,0,0,0,0,0,0
Corral City,27,0,,,,,,,,,,,,
Corrigan,"1,595",0,0,0,0,0,0,0,0,0,0,0,0,0
Corsicana,"23,770",0,0,0,0,0,0,0,0,0,0,0,0,0
Cottonwood,185,0,,,,,,,,,,,,
Cottonwood Shores,"1,123",0,0,0,0,0,0,0,0,0,0,0,0,0
Cotulla,"3,603",0,0,0,0,0,0,0,0,0,0,0,,
Covington,269,0,0,0,0,0,,,,,,,,
Crandall,"2,858",0,0,0,0,0,0,0,0,0,0,0,0,0
Crane,"3,353",0,0,0,0,0,0,0,0,0,0,0,0,0
Crawford,717,0,0,0,0,0,0,0,0,0,0,0,0,0
Crockett,"6,950",0,0,0,0,0,0,0,0,0,0,0,0,0
Crosbyton,"1,741",0,0,0,0,0,0,0,0,0,0,0,0,0
Cross Plains,982,0,0,0,0,0,0,0,0,0,0,0,0,0
Cross Roads,"1,563",0,0,0,0,0,0,0,0,0,0,0,0,0
Cross Timber,268,0,0,0,0,0,0,0,0,0,0,0,0,0
Crowell,948,0,0,0,0,0,0,0,0,0,0,0,0,0
Crowley,"12,838",0,0,0,0,0,0,0,0,0,0,0,0,0
Crystal City,"7,138",0,,,,,,,0,0,,,,
Cuero,"6,841",0,0,0,0,0,0,0,0,0,0,0,0,0
Cumby,777,0,0,0,0,0,0,0,0,0,0,0,0,0
Cuney,140,0,0,0,0,0,0,0,0,0,0,0,0,0
Cut and Shoot,"1,070",0,0,0,0,0,0,0,0,0,0,0,0,0
Daingerfield,"2,560",0,0,0,0,0,0,0,0,0,0,0,0,0
Dallas,"1,197,816",0,0,0,0,0,0,0,0,0,0,0,0,0
Dalworthington Gardens,"2,259",0,0,0,0,0,0,0,0,0,0,0,0,0
Danbury,"1,715",0,0,0,0,0,0,0,0,0,0,0,0,0
Dawson,807,0,0,0,0,0,0,0,0,0,0,0,0,0
Dayton Lakes,93,0,0,0,0,0,0,0,0,0,,,,
De Leon,"2,246",0,0,0,0,0,0,0,0,0,0,0,0,0
Decatur,"6,042",0,0,0,0,0,0,0,0,0,0,0,0,0
Deer Park,"32,010",0,0,0,0,0,0,0,0,0,0,0,0,0
Del Rio,"35,591",0,0,0,0,0,0,0,0,0,0,0,0,0
Denison,"22,682",0,0,0,0,0,0,0,0,0,0,0,0,0
Denton,"113,383",0,0,0,0,0,0,0,0,0,0,0,0,0
Devine,"4,350",0,0,0,0,0,0,0,0,0,0,0,0,0
Diboll,"4,776",0,0,0,0,0,0,0,0,0,0,0,0,0
Dickinson,"18,680",0,0,0,0,0,0,0,0,0,0,0,0,0
Dimmitt,"4,393",0,0,0,0,0,0,0,,,0,0,0,0
"Dish, City of",201,0,0,0,0,0,0,0,0,0,0,0,,
Dodd City,369,0,,,,,,,,,,,,
Domino,93,0,,,0,0,,,,,,,,
Donna,"15,798",0,0,0,0,0,0,0,0,0,0,0,0,0
Double Oak,"2,867",0,0,0,0,0,0,0,0,0,0,0,0,0
Dripping Springs,"1,788",0,0,0,0,0,0,0,0,0,,,,
Driscoll,739,0,0,0,0,0,0,0,0,0,,,,
Dublin,"3,654",0,0,0,0,0,0,0,0,0,0,0,0,0
Duncanville,"38,524",0,0,0,0,0,0,0,0,0,0,0,0,0
Eagle Lake,"3,639",0,0,0,0,0,0,0,0,0,0,0,0,0
Eagle Pass,"26,248",0,0,0,0,0,0,0,0,0,0,0,0,0
Early,"2,762",0,0,0,0,0,0,0,0,0,0,0,0,0
Earth,"1,065",0,0,0,0,0,0,0,,,,,,
East Bernard,"2,272",0,0,0,0,0,0,0,0,0,0,0,,
East Mountain,797,0,0,0,0,0,0,0,0,0,0,0,0,0
East Tawakoni,883,0,0,0,0,0,0,0,0,0,0,0,0,0
Eastland,"3,960",0,0,0,0,0,0,0,0,0,0,0,0,0
Easton,510,0,,,,,,,,,,,,
Edcouch,"3,161",0,,,,,,,,,,,,
Eden,"2,766",0,0,0,0,0,0,0,0,0,0,0,0,0
Edgecliff Village,"2,776",0,0,0,0,0,,,,,,,,
Edgewood,"1,441",0,0,0,0,0,0,0,0,0,0,0,0,0
Edna,"5,499",0,0,0,0,0,0,0,0,0,0,0,0,0
El Campo,"11,602",0,0,0,0,0,0,0,0,0,0,0,0,0
El Cenizo,"3,273",0,,,,,,,,,,,,
El Lago,"2,706",0,0,0,0,0,0,0,0,0,0,0,,
El Paso,"649,121",0,0,0,0,0,0,0,0,0,0,0,0,0
Eldorado,"1,951",0,0,0,0,0,0,0,,,,,,
Electra,"2,791",0,0,0,0,0,0,0,0,0,,,,
Elgin,"8,135",0,0,0,0,0,0,0,0,0,0,0,0,0
Elkhart,"1,371",0,0,0,0,0,0,0,,,,,,
Elmendorf,"1,488",0,0,0,0,0,0,0,0,0,0,0,0,0
Elsa,"5,660",0,0,0,0,0,0,0,0,0,0,0,0,0
Emory,"1,239",0,0,0,0,0,0,0,0,0,0,0,0,0
Enchanted Oaks,326,0,0,0,0,0,0,0,0,0,0,0,0,0
Encinal,559,0,0,0,0,0,0,0,0,0,0,0,0,0
Ennis,"18,513",0,0,0,0,0,0,0,0,0,0,0,0,0
Escobares,"1,188",0,0,0,0,0,0,0,,,,,,
Estelline,145,0,0,0,0,0,0,0,0,0,0,0,0,0
Euless,"51,277",0,0,0,0,0,0,0,0,0,0,0,0,0
Eustace,991,0,0,0,0,0,0,0,0,0,0,0,0,0
Evant,426,0,0,0,0,0,0,0,,,,,,
Everman,"6,108",0,0,0,0,0,0,0,0,0,0,0,0,0
Fair Oaks Ranch,"5,986",0,0,0,0,0,0,0,0,0,0,0,0,0
Fairfield,"2,951",0,0,0,0,0,0,0,0,0,0,0,0,0
Fairview,"7,248",0,0,0,0,0,0,0,0,0,0,0,0,0
Falfurrias,"4,981",0,,,,,,,,,,,,
Falls City,611,0,0,0,0,0,0,0,,,,,,
Farmers Branch,"28,616",0,0,0,0,0,0,0,0,0,0,0,0,0
Farmersville,"3,301",0,0,0,0,0,0,0,0,0,0,0,0,0
Farwell,"1,363",0,0,0,0,0,0,0,0,0,0,0,0,0
Fate,"6,357",0,0,0,0,0,0,0,0,0,0,0,0,0
Ferris,"2,436",0,0,0,0,0,0,0,0,0,0,0,0,0
Flatonia,"1,383",0,0,0,0,0,0,0,0,0,0,0,0,0
Florence,"1,136",0,0,0,0,0,0,0,0,0,0,0,0,0
Floresville,"6,448",0,0,0,0,0,0,0,0,0,0,0,0,0
Flower Mound,"64,669",0,0,0,0,0,0,0,0,0,0,0,0,0
Floydada,"3,038",0,0,0,,,,,,,,,,
Follett,459,0,0,0,0,0,0,0,0,0,0,0,0,0
Forest Hill,"12,355",0,0,0,0,0,0,0,0,0,0,0,0,0
Forney,"14,661",0,0,0,0,0,0,0,0,0,0,0,0,0
Fort Stockton,"8,283",0,0,0,0,0,0,0,0,0,0,0,0,0
Franklin,"1,564",0,0,0,0,0,0,0,0,0,0,0,0,0
Frankston,"1,229",0,0,0,0,0,0,0,0,0,0,0,0,0
Freeport,"12,049",0,0,0,0,0,0,0,0,0,0,0,0,0
Freer,"2,818",0,0,0,0,0,0,0,0,0,0,0,0,0
Friendswood,"35,805",0,0,0,0,0,0,0,0,0,0,0,0,0
Friona,"4,123",0,0,0,0,0,0,0,0,0,0,0,0,0
Fritch,"2,117",0,0,0,0,0,0,0,0,0,0,0,0,0
Fulshear,"1,134",0,0,0,0,0,0,0,0,0,0,0,0,0
Fulton,"1,649",0,0,0,0,0,0,0,0,0,0,0,,
Gainesville,"16,002",0,0,0,0,0,0,0,0,0,0,0,0,0
Galena Park,"10,887",0,0,0,0,0,0,0,0,0,0,0,0,0
Galveston,"47,743",0,0,0,0,0,0,0,0,0,0,0,0,0
Ganado,"2,003",0,0,0,0,0,0,0,0,0,0,0,0,0
Garden Ridge,"3,259",0,0,0,0,0,0,0,0,0,0,0,0,0
Garland,"226,876",0,0,0,0,0,0,0,0,0,0,0,0,0
Garrett,806,0,0,0,0,0,0,0,,,,,,
Garrison,895,0,,,,,,,,,,,,
Gatesville,"15,751",0,0,0,0,0,0,0,0,0,0,0,0,0
George West,"2,445",0,0,0,0,0,0,0,0,0,0,0,0,0
Georgetown,"47,400",0,0,0,0,0,0,0,0,0,0,0,0,0
Giddings,"4,881",0,0,0,0,0,0,0,0,0,0,0,0,0
Gilmer,"4,905",0,0,0,0,0,0,0,0,0,0,0,0,0
Gladewater,"6,441",0,0,0,0,0,0,0,0,0,0,0,0,0
Glen Rose,"2,444",0,0,0,0,0,0,0,0,0,0,0,0,0
Glenn Heights,"11,278",0,0,0,0,0,0,0,0,0,0,0,0,0
Godley,"1,009",0,0,0,0,0,0,0,0,0,0,0,0,0
Goldthwaite,"1,878",0,,,,,,,,,,,,
Goliad,"1,908",0,0,0,0,0,0,0,0,0,0,0,0,0
Golinda,401,0,,,,,,,0,0,0,0,0,0
Gonzales,"7,237",0,0,0,0,0,0,0,0,0,0,0,0,0
Goodrich,271,0,,,,,,,,,,,,
Gordon,478,0,,,,,,,,,,,,
Gorman,"1,083",0,0,0,0,0,0,0,0,0,0,0,0,0
Graford,584,0,,,,,,,,,,,,
Graham,"8,903",0,0,0,0,0,0,0,0,0,0,0,0,0
Granbury,"7,978",0,0,0,0,0,0,0,0,0,0,0,0,0
Grand Prairie,"175,396",0,0,0,0,0,0,0,0,0,0,0,0,0
Grand Saline,"3,136",0,,,0,0,0,0,0,0,0,0,0,0
Grandview,"1,561",0,0,0,0,0,0,0,0,0,0,0,0,0
Granger,"1,419",0,0,0,,,,,0,0,0,0,0,0
Granite Shoals,"4,910",0,0,0,0,0,0,0,0,0,0,0,0,0
Grapeland,"1,489",0,0,0,0,0,0,0,0,0,0,0,0,0
Grapevine,"46,334",0,0,0,0,0,0,0,0,0,0,0,0,0
Greenville,"25,557",0,0,0,0,0,0,0,0,0,0,0,0,0
Gregory,"1,907",0,0,0,0,0,0,0,0,0,0,0,0,0
Grey Forest,483,0,0,0,0,0,0,0,0,0,0,0,0,0
Groesbeck,"4,328",0,0,0,0,0,0,0,0,0,0,0,0,0
Groom,574,0,0,0,0,0,0,0,0,0,0,0,0,0
Groves,"16,144",0,0,0,0,0,0,0,0,0,0,0,0,0
Groveton,"1,057",0,0,0,0,0,0,0,0,0,0,0,0,0
Gruver,"1,194",0,,,,,,,,,,,,
Gun Barrel City,"5,672",0,0,0,0,0,0,0,0,0,0,0,0,0
Gunter,"1,498",0,0,0,0,0,0,0,0,0,0,0,0,0
Hackberry,968,0,0,0,0,0,0,0,0,0,0,0,0,0
Hale Center,"2,252",0,0,0,0,0,0,0,0,0,0,0,0,0
Hallettsville,"2,550",0,0,0,0,0,0,0,0,0,0,0,0,0
Hallsville,"3,577",0,0,0,0,0,0,0,0,0,0,0,0,0
Haltom City,"42,409",0,0,0,0,0,0,0,0,0,0,0,0,0
Hamilton,"3,095",0,0,0,0,0,0,0,0,0,0,0,0,0
Hamlin,"2,124",0,0,0,0,0,0,0,0,0,0,0,0,0
Happy,678,0,0,0,0,0,0,0,0,0,,,,
Hardin,819,0,0,0,0,0,0,0,0,0,,,,
Harker Heights,"26,700",0,0,0,0,0,0,0,0,0,0,0,0,0
Harlingen,"64,849",0,0,0,0,0,0,0,0,0,0,0,0,0
Hart,"1,114",0,0,0,0,0,0,0,0,0,0,0,0,0
Haskell,"3,322",0,0,0,0,0,0,0,0,0,0,0,0,0
Haslet,"1,517",0,0,0,0,0,0,0,0,0,0,0,0,0
Hawk Cove,483,0,0,0,0,0,0,0,0,0,0,0,0,0
Hawkins,"1,278",0,0,0,0,0,0,0,0,0,0,0,0,0
Hearne,"4,459",0,0,0,0,0,0,0,0,0,0,0,0,0
Heath,"6,921",0,0,0,0,0,0,0,0,0,0,0,0,0
Hedwig Village,"2,557",0,0,0,0,0,0,0,0,0,0,0,0,0
Helotes,"7,341",0,0,0,0,0,0,0,0,0,0,0,0,0
Henderson,"13,712",0,0,0,0,0,0,0,0,0,0,0,0,0
Henrietta,"3,141",0,0,0,0,0,0,0,0,0,0,0,0,0
Hereford,"15,370",0,0,0,0,0,0,0,0,0,0,0,0,0
Hewitt,"13,549",0,0,0,0,0,0,0,0,0,0,0,0,0
Hickory Creek,"3,247",0,0,0,0,0,0,0,0,0,0,0,0,0
Hico,"1,379",0,0,0,0,0,0,0,0,0,0,0,0,0
Hidalgo,"11,198",0,0,0,0,0,0,0,0,0,0,0,0,0
Highland Haven,431,0,0,0,0,0,0,0,0,0,0,0,0,0
Highland Park,"8,564",0,0,0,0,0,0,0,0,0,0,0,0,0
Highland Village,"15,056",0,0,0,0,0,0,0,0,0,0,0,0,0
Hill Country Village,985,0,0,0,0,0,0,0,0,0,0,0,0,0
Hilshire Village,746,0,0,0,0,0,0,0,0,0,,,,
Hitchcock,"6,961",0,0,0,0,0,0,0,0,0,0,0,0,0
Holiday Lakes,"1,107",0,0,0,0,0,0,0,0,0,0,0,0,0
Holland,"1,121",0,0,0,0,0,0,0,0,0,0,0,0,0
Holliday,"1,758",0,0,0,0,0,0,0,0,0,0,0,0,0
Hollywood Park,"3,062",0,0,0,0,0,0,0,0,0,0,0,0,0
Hondo,"8,803",0,0,0,0,0,0,0,0,0,0,0,0,0
Honey Grove,"1,668",0,0,0,0,0,0,0,0,0,0,0,0,0
Hooks,"2,769",0,0,0,0,0,0,0,0,0,0,0,,
Horizon City,"16,735",0,0,0,0,0,0,0,0,0,0,0,0,0
Horseshoe Bay,"3,418",0,0,0,0,0,0,0,0,0,0,0,0,0
Houston,"2,099,451",0,0,0,0,0,0,0,0,0,0,0,0,0
Howardwick,423,0,0,0,0,0,0,0,0,0,0,0,0,0
Howe,"2,600",0,0,0,0,0,0,0,0,0,0,0,0,0
Hubbard,"1,423",0,0,0,0,0,0,0,0,0,0,0,0,0
Hudson,"4,731",0,0,0,0,0,0,0,0,0,0,0,0,0
Hudson Oaks,"1,662",0,0,0,0,0,0,0,0,0,,,,
Hughes Springs,"1,760",0,0,0,0,0,0,0,0,0,0,0,0,0
Humble,"15,133",0,0,0,0,0,0,0,0,0,0,0,0,0
Hunters Creek Village,"4,367",0,0,0,0,0,0,0,0,0,0,0,0,0
Hurst,"37,337",0,0,0,0,0,0,0,0,0,0,0,0,0
Hutchins,"5,338",0,0,0,0,0,0,0,0,0,0,0,0,0
Hutto,"14,698",0,0,0,0,0,0,0,0,0,0,0,0,0
Idalou,"2,250",0,0,0,0,0,0,0,0,0,0,0,0,0
Indian Lake,640,0,0,0,0,0,0,0,0,0,0,0,0,0
Ingleside,"9,387",0,0,0,0,0,0,0,0,0,0,0,0,0
Ingram,"1,804",0,0,0,0,0,0,0,0,0,0,0,0,0
Iowa Colony,"1,170",0,0,0,0,0,0,0,0,0,0,0,0,0
Iowa Park,"6,355",0,0,0,0,0,0,0,0,0,0,0,0,0
Iraan,"1,229",0,0,0,0,0,,,,,,,,
Irving,"216,290",0,0,0,0,0,0,0,0,0,0,0,0,0
Italy,"1,863",0,0,0,0,0,0,0,0,0,0,0,0,0
Itasca,"1,644",0,0,0,0,0,0,0,0,0,0,0,0,0
Ivanhoe,"1,377",0,0,0,0,0,0,0,0,0,0,0,0,0
Jacinto City,"10,553",0,0,0,0,0,0,0,0,0,0,0,0,0
Jacksboro,"4,511",0,0,0,0,0,0,0,0,0,0,0,0,0
Jacksonville,"14,544",0,0,0,0,0,0,0,0,0,0,0,0,0
Jamaica Beach,983,0,0,0,0,0,0,0,0,0,0,0,0,0
Jarrell,984,0,0,0,0,0,0,0,0,0,0,0,0,0
Jasper,"7,590",0,0,0,0,0,0,0,0,0,0,0,0,0
Jersey Village,"7,620",0,0,0,0,0,0,0,0,0,0,0,0,0
Jewett,"1,167",0,0,0,0,0,0,0,0,0,0,0,,
Joaquin,824,0,,,,,,,,,,,,
Johnson City,"1,656",0,0,0,0,0,0,0,0,0,0,0,0,0
Jones Creek,"2,020",0,0,0,0,0,0,0,0,0,0,0,0,0
Jonestown,"1,834",0,0,0,0,0,0,0,0,0,0,0,0,0
Joshua,"5,910",0,0,0,0,0,0,0,0,0,0,0,0,0
Jourdanton,"3,871",0,0,0,0,0,0,0,0,0,0,0,0,0
Junction,"2,574",0,0,0,0,0,0,0,0,0,0,0,0,0
Justin,"3,246",0,0,0,0,0,0,0,0,0,0,0,0,0
Karnes City,"3,042",0,0,0,0,0,0,0,0,0,0,0,0,0
Katy,"14,102",0,0,0,0,0,0,0,0,0,0,0,0,0
Kaufman,"6,703",0,0,0,0,0,0,0,0,0,0,0,0,0
Keene,"6,106",0,0,0,0,0,0,0,0,0,0,0,0,0
Keller,"39,627",0,0,0,0,0,0,0,0,0,0,0,0,0
Kemah,"1,773",0,0,0,0,0,0,0,0,0,0,0,0,0
Kemp,"1,154",0,0,0,0,0,0,0,0,0,0,0,,
Kempner,"1,089",0,0,0,0,0,0,0,0,0,0,0,0,0
Kendleton,380,0,,,,,,,,,,,,
Kenedy,"3,296",0,0,0,0,0,0,0,0,0,0,0,0,0
Kenefick,563,0,0,0,0,0,0,0,0,0,,,,
Kennedale,"6,763",0,0,0,0,0,0,0,0,0,0,0,0,0
Kerens,"1,573",0,0,0,0,0,0,0,0,0,0,0,0,0
Kermit,"5,708",0,0,0,0,0,0,0,0,0,0,0,0,0
Kilgore,"12,975",0,0,0,0,0,0,0,0,0,0,0,0,0
Killeen,"127,921",0,0,0,0,0,0,0,0,0,0,0,0,0
Kingsville,"26,213",0,0,0,0,0,0,0,0,0,0,0,0,0
Kirby,"8,000",0,0,0,0,0,0,0,0,0,0,0,0,0
Kirbyville,"2,142",0,0,0,0,0,0,0,0,0,0,0,0,0
Knox City,"1,130",0,0,0,0,0,0,0,0,0,0,0,0,0
Kosse,464,0,0,0,0,0,0,0,0,0,0,0,0,0
Kountze,"2,123",0,0,0,0,0,0,0,0,0,0,0,0,0
Kress,715,0,0,0,0,0,0,0,0,0,0,0,0,0
Krugerville,"1,662",0,0,0,0,0,0,0,0,0,0,0,0,0
Krum,"4,157",0,0,0,0,0,0,0,0,0,0,0,0,0
Kyle,"28,016",0,0,0,0,0,0,0,0,0,0,0,0,0
La Coste,"1,119",0,0,0,0,0,0,0,0,0,0,0,0,0
La Feria,"7,302",0,0,0,0,0,0,0,0,0,0,0,0,0
La Grange,"4,641",0,0,0,0,0,0,0,0,0,0,0,0,0
La Grulla,"1,622",0,0,0,0,0,0,0,0,0,,,,
La Joya,"3,985",0,0,0,0,0,0,0,0,0,0,0,,
La Porte,"33,800",0,0,0,0,0,0,0,0,0,0,0,0,0
La Vernia,"1,034",0,0,0,0,0,0,0,0,0,0,0,,
La Villa,"1,957",0,,,,,,,,,,,,
La Ward,213,0,,,,,,,,,,,,
Lacy Lakeview,"6,489",0,0,0,0,0,0,0,0,0,0,0,0,0
Ladonia,612,0,0,0,0,0,0,0,0,0,,,,
Lago Vista,"6,041",0,0,0,0,0,0,0,0,0,0,0,0,0
Laguna Vista,"3,117",0,0,0,0,0,,,,,,,,
Lake Bridgeport,340,0,0,0,0,0,0,0,0,0,0,0,0,0
Lake City,509,0,0,0,0,0,0,0,0,0,0,0,0,0
Lake Dallas,"7,105",0,0,0,0,0,0,0,0,0,0,0,0,0
Lake Jackson,"26,849",0,0,0,0,0,0,0,0,0,0,0,0,0
Lake Tanglewood,796,0,0,0,0,0,0,0,0,0,0,0,0,0
Lake Worth,"4,584",0,0,0,0,0,0,0,0,0,0,0,0,0
Lakeport,974,0,0,0,0,0,0,0,0,0,0,0,0,0
Lakeside,"1,619",0,0,0,0,0,0,0,0,0,0,0,0,0
Lakeside City,997,0,0,0,0,0,0,0,0,0,0,0,0,0
Lakeway,"11,391",0,0,0,0,0,0,0,0,0,0,0,0,0
Lakewood Village,545,0,0,0,0,0,0,0,0,0,0,0,0,0
Lamesa,"9,422",0,0,0,0,0,0,0,0,0,0,0,0,0
Lancaster,"36,361",0,0,0,0,0,0,0,0,0,0,0,0,0
Laredo,"236,091",0,0,0,0,0,0,0,0,0,0,0,0,0
Lavon,"2,219",0,0,0,0,0,0,0,0,0,0,0,0,0
Leander,"26,521",0,0,0,0,0,0,0,0,0,0,0,0,0
Lefors,497,0,0,0,0,0,0,0,0,0,0,0,0,0
Leon Valley,"10,151",0,0,0,0,0,0,0,0,0,0,0,0,0
Leonard,"1,990",0,0,0,0,0,0,0,0,0,0,0,0,0
Lewisville,"95,290",0,0,0,0,0,0,0,0,0,0,0,0,0
Lexington,"1,177",0,0,0,0,0,0,0,0,0,0,0,0,0
Liberty,"8,397",0,0,0,0,0,0,0,0,0,0,0,,
Liberty Hill,967,0,0,0,0,0,0,0,0,0,0,0,0,0
Lindale,"4,818",0,0,0,0,0,0,0,0,0,0,0,0,0
Linden,"1,988",0,0,0,0,0,0,0,0,0,0,0,0,0
Lindsay,"1,018",0,0,0,0,0,0,0,0,0,0,0,0,0
Lipan,430,0,0,0,0,0,0,0,0,0,0,0,0,0
Little Elm,"25,898",0,0,0,0,0,0,0,0,0,0,0,0,0
Little River - Academy,"1,961",0,0,0,0,0,0,0,0,0,0,0,0,0
Littlefield,"6,372",0,0,0,0,0,0,0,0,0,0,0,0,0
Live Oak,"13,131",0,0,0,0,0,0,0,0,0,0,0,0,0
Liverpool,482,0,0,0,0,0,0,0,0,0,0,0,0,0
Livingston,"5,335",0,,,,,0,0,0,0,0,0,0,0
Llano,"3,232",0,0,0,0,0,0,0,0,0,0,0,0,0
Lockney,"1,842",0,0,0,0,0,0,0,0,0,0,0,0,0
Log Cabin,714,0,0,0,0,0,0,0,0,0,0,0,0,0
Lometa,856,0,0,0,0,0,0,0,0,0,0,0,0,0
Lone Oak,598,0,0,0,0,0,0,0,0,0,0,0,0,0
Lone Star,"1,581",0,0,0,0,0,0,0,0,0,0,0,0,0
Longview,"80,455",0,0,0,0,0,0,0,0,0,0,0,0,0
Loraine,602,0,0,0,0,0,0,0,0,0,,,,
Lorena,"1,691",0,0,0,0,0,0,0,0,0,0,0,0,0
Lorenzo,"1,147",0,0,0,0,0,0,0,0,0,0,0,0,0
Los Fresnos,"5,542",0,0,0,0,0,0,0,0,0,0,0,0,0
Lott,759,0,0,0,0,0,0,0,0,0,0,0,0,0
Lubbock,"229,573",0,0,0,0,0,0,0,0,0,0,0,0,0
Lucas,"5,166",0,0,0,0,0,0,0,0,0,0,0,0,0
Luling,"5,411",0,0,0,0,0,0,0,0,0,0,0,0,0
Lumberton,"11,943",0,0,0,0,0,0,0,0,0,0,0,0,0
Lyford,"2,611",0,0,0,0,0,0,0,0,0,0,0,0,0
Lytle,"2,492",0,0,0,0,0,0,0,0,0,0,0,0,0
Madisonville,"4,396",0,0,0,0,0,0,0,0,0,0,0,0,0
Magnolia,"1,393",0,0,0,0,0,0,0,0,0,0,0,0,0
Malakoff,"2,324",0,0,0,0,0,0,0,0,0,0,0,0,0
Malone,269,0,0,0,0,0,,,,,,,,
Manor,"5,037",0,0,0,0,0,0,0,0,0,0,0,0,0
Mansfield,"56,368",0,0,0,0,0,0,0,0,0,0,0,0,0
Manvel,"5,179",0,0,0,0,0,0,0,0,0,0,0,0,0
Marion,"1,066",0,0,0,0,0,0,0,0,0,0,0,0,0
Marquez,263,0,0,0,0,0,0,0,0,0,0,0,,
Marshall,"23,523",0,0,0,0,0,0,0,0,0,0,0,0,0
Mart,"2,209",0,0,0,0,0,0,0,0,0,0,0,0,0
Martindale,"1,116",0,0,0,0,0,0,0,0,0,0,0,,
Mason,"2,114",0,,,,,,,,,,,,
Matador,607,0,,,,,,,,,,,,
Mathis,"4,942",0,,,,,,,0,0,0,0,0,0
Maud,"1,056",0,0,0,0,0,0,0,0,0,0,0,0,0
Maypearl,934,0,0,0,0,0,0,0,0,0,0,0,0,0
McAllen,"129,877",0,0,0,0,0,0,0,0,0,0,0,0,0
McCamey,"1,887",0,0,0,,,,,,,,,,
McGregor,"4,987",0,0,0,0,0,0,0,0,0,0,0,0,0
McKinney,"131,117",0,0,0,0,0,0,0,0,0,0,0,0,0
McLendon-Chisholm,"1,373",0,0,0,0,0,0,0,0,0,,,,
Meadowlakes,"1,777",0,0,0,0,0,0,0,0,0,0,0,0,0
Meadows Place,"4,660",0,0,0,0,0,0,0,0,0,0,0,0,0
Megargel,203,0,,,,,,,,,,,,
Melissa,"4,695",0,0,0,0,0,0,0,0,0,0,0,0,0
Memphis,"2,290",0,0,0,0,0,0,0,0,0,0,0,0,0
Menard,"1,471",0,0,0,0,0,0,0,0,0,,,,
Mercedes,"15,570",0,0,0,0,0,0,0,0,0,0,0,0,0
Meridian,"1,493",0,0,0,0,0,0,0,0,0,0,0,0,0
Merkel,"2,590",0,0,0,0,0,0,0,0,0,0,0,0,0
Mertzon,781,0,0,0,0,0,0,0,0,0,,,,
Mesquite,"139,824",0,0,0,0,0,0,0,0,0,0,0,0,0
Mexia,"7,459",0,0,0,0,0,0,0,0,0,0,0,0,0
Midland,"111,147",0,0,0,0,0,0,0,0,0,0,0,0,0
Midlothian,"18,037",0,0,0,0,0,0,0,0,0,0,0,0,0
"Midway, City of",300,0,0,0,0,0,,,,,,,,
Milano,428,0,0,0,0,0,0,0,0,0,0,0,,
Miles,829,0,0,0,0,0,0,0,0,0,0,0,0,0
Milford,728,0,0,0,0,0,0,0,0,0,0,0,,
Mineola,"4,515",0,0,0,0,0,0,0,0,0,0,0,0,0
Mineral Wells,"16,788",0,0,0,0,0,0,0,0,0,0,0,0,0
Missouri City,"67,358",0,0,0,0,0,0,0,0,0,0,0,0,0
Monahans,"6,953",0,0,0,0,0,0,0,0,0,0,0,0,0
Mont Belvieu,"3,835",0,0,0,0,0,0,0,0,0,0,0,0,0
Montgomery,621,0,0,0,0,0,0,0,0,0,0,0,0,0
Moody,"1,371",0,0,0,0,0,0,0,0,0,0,0,0,0
Morgan,490,0,0,0,0,0,0,0,0,0,0,0,0,0
Morgan's Point,339,0,0,0,0,0,0,0,0,0,0,0,0,0
Morgan's Point Resort,"4,170",0,0,0,0,0,0,0,0,0,0,0,,
Morton,"2,006",0,0,0,0,0,0,0,0,0,0,0,0,0
Moulton,886,0,0,0,0,0,0,0,0,0,0,0,0,0
Mount Enterprise,447,0,0,0,0,0,0,0,0,0,0,0,0,0
Mount Pleasant,"15,564",0,0,0,0,0,0,0,0,0,0,0,0,0
Mount Vernon,"2,662",0,0,0,0,0,0,0,0,0,0,0,0,0
Muenster,"1,544",0,0,0,0,0,0,0,0,0,0,0,0,0
Muleshoe,"5,158",0,0,0,0,0,0,0,0,0,0,0,0,0
Munday,"1,300",0,0,0,0,0,0,0,0,0,0,0,0,0
Murphy,"17,708",0,0,0,0,0,0,0,0,0,0,0,0,0
Mustang Ridge,861,0,0,0,0,0,0,0,0,0,0,0,0,0
Nacogdoches,"32,996",0,0,0,0,0,0,0,0,0,0,0,,
Naples,"1,378",0,0,0,0,0,0,0,0,0,0,0,0,0
Nash,"2,960",0,0,0,0,0,0,0,0,0,0,0,0,0
Nassau Bay,"4,002",0,0,0,0,0,0,0,0,0,0,0,0,0
Navasota,"7,049",0,0,0,0,0,0,0,0,0,0,0,0,0
Nazareth,311,0,0,0,0,0,0,0,,,,,,
Nederland,"17,547",0,0,0,0,0,0,0,0,0,0,0,0,0
Needville,"2,823",0,0,0,0,0,0,0,0,0,0,0,0,0
Nevada,715,0,0,0,0,0,0,0,0,0,0,0,,
"New Berlin, City of",500,0,,,,,0,0,0,0,0,0,0,0
New Boston,"4,550",0,0,0,0,0,0,0,0,0,0,0,0,0
New Braunfels,"57,740",0,0,0,0,0,0,0,0,0,0,0,0,0
New Deal,794,0,0,0,0,0,0,0,0,0,0,0,0,0
New Fairview,"1,258",0,,,0,0,0,0,0,0,0,0,0,0
"New Hope, Town of",614,0,0,0,0,0,0,0,0,0,0,0,,
New London,998,0,0,0,0,0,0,0,0,0,0,0,0,0
New Summerfield,"1,111",0,0,0,0,0,0,0,0,0,0,0,0,0
Newark,"1,005",0,0,0,0,0,0,0,0,0,0,0,0,0
Newcastle,585,0,0,0,0,0,0,0,0,0,0,0,0,0
Newton,"2,478",0,,,,,,,,,,,,
Nixon,"2,385",0,0,0,0,0,0,0,0,0,0,0,0,0
Nocona,"3,033",0,0,0,0,0,0,0,0,0,0,0,0,0
Nolanville,"4,259",0,0,0,0,0,0,0,0,0,0,0,0,0
Noonday,777,0,0,0,0,0,0,0,0,0,0,0,0,0
Normangee,685,0,0,0,0,0,0,0,0,0,0,0,,
Northlake,"1,724",0,0,0,0,0,0,0,0,0,0,0,0,0
Oak Leaf,"1,298",0,0,0,0,0,0,0,0,0,0,0,0,0
Oak Point,"2,786",0,0,0,0,0,0,0,0,0,0,0,0,0
Oak Ridge North,"3,049",0,0,0,0,0,0,0,0,0,0,0,0,0
"Oak Ridge, City of",,0,0,0,0,0,0,0,0,0,0,0,0,0
"Oak Ridge, Town of",141,0,0,0,0,0,0,0,0,0,0,0,0,0
Oakwood,510,0,0,0,0,0,0,0,0,0,0,0,0,0
O'Donnell,831,0,0,0,0,0,0,0,0,0,0,0,0,0
Old River-Winfree,"1,245",0,0,0,0,0,0,0,0,0,0,0,0,0
Olmos Park,"2,237",0,0,0,0,0,0,0,0,0,0,0,0,0
Olton,"2,215",0,0,0,0,0,0,0,0,0,0,0,0,0
Omaha,"1,021",0,0,0,0,0,0,0,0,0,0,0,0,0
Onalaska,"1,764",0,0,0,0,0,0,0,0,0,0,0,0,0
Orange,"18,595",0,0,0,0,0,0,0,0,0,0,0,,
Orange Grove,"1,318",0,0,0,0,0,0,0,0,0,0,0,0,0
Orchard,478,0,0,0,0,0,0,0,0,0,0,0,0,0
Ore City,"1,144",0,0,0,0,0,0,0,0,0,0,0,0,0
Overton,"2,554",0,0,0,0,0,0,0,0,0,0,0,0,0
Ovilla,"3,492",0,0,0,0,0,0,0,0,0,0,0,0,0
Oyster Creek,"1,111",0,0,0,0,0,0,0,0,0,0,0,0,0
Paducah,"1,186",0,,,,,,,,,,,,
Palacios,"4,718",0,0,0,0,0,0,0,0,0,0,0,0,0
Palestine,"18,712",0,0,0,0,0,0,0,0,0,0,0,0,0
"Palisades, Village of",325,0,,,,,,,,,,,,
Palm Valley,"1,304",0,0,0,0,0,0,0,0,0,0,0,0,0
Palmer,"2,000",0,0,0,0,0,0,0,0,0,0,0,0,0
Palmhurst,"2,607",0,0,0,0,0,0,0,0,0,0,0,0,0
Palmview,"5,460",0,0,0,0,0,0,0,0,0,0,0,0,0
Pampa,"17,994",0,0,0,0,0,0,0,0,0,0,0,0,0
Panhandle,"2,452",0,0,0,0,0,0,0,0,0,0,0,0,0
Panorama Village,"2,170",0,0,0,0,0,0,0,0,0,0,0,0,0
Pantego,"2,394",0,0,0,0,0,0,0,0,0,0,0,0,0
Paradise,441,0,0,0,,,,,,,,,,
Paris,"25,171",0,0,0,0,0,0,0,0,0,0,0,0,0
Parker,"3,811",0,0,0,0,0,0,0,0,0,0,0,0,0
Pasadena,"149,043",0,0,0,0,0,0,0,0,0,0,0,0,0
Pattison,470,0,,,,,0,0,0,0,0,0,0,0
Patton Village,"1,557",0,0,0,0,0,0,0,0,0,0,0,0,0
Payne Springs,767,0,0,0,0,0,0,0,0,0,0,0,0,0
Pearland,"91,252",0,0,0,0,0,0,0,0,0,0,0,0,0
Pecan Gap,203,0,,,,,,,,,,,,
Pecan Hill,626,0,0,0,0,0,0,0,0,0,0,0,0,0
Pelican Bay,"1,547",0,,,,,,,0,0,0,0,0,0
Penitas,"4,403",0,0,0,0,0,0,0,0,0,0,0,0,0
Perryton,"8,802",0,0,0,0,0,0,0,0,0,0,0,0,0
Petersburg,"1,202",0,0,0,0,0,0,0,0,0,0,0,0,0
Pflugerville,"46,936",0,0,0,0,0,0,0,0,0,0,0,0,0
Pharr,"70,400",0,0,0,0,0,0,0,0,0,0,0,0,0
Pilot Point,"3,856",0,0,0,0,0,0,0,0,0,0,0,0,0
Pine Forest,487,0,,,,,,,,,,,,
Pinehurst,"4,624",0,0,0,0,0,0,0,0,0,0,0,0,0
Piney Point Village,"3,125",0,0,0,0,0,0,0,0,0,0,0,0,0
Pittsburg,"4,497",0,0,0,0,0,0,0,0,0,0,0,0,0
Plains,"1,460",0,0,0,0,0,0,0,0,0,0,0,0,0
Plainview,"22,194",0,0,0,0,0,0,0,0,0,0,0,0,0
Plano,"259,841",0,0,0,0,0,0,0,0,0,0,0,0,0
Plum Grove,990,0,,,0,0,,,,,,,,
Point,820,0,0,0,0,0,0,0,0,0,0,0,0,0
Point Comfort,737,0,0,0,0,0,0,0,0,0,0,0,0,0
"Point Venture, Village of",800,0,0,0,0,0,0,0,0,0,0,0,,
Ponder,"1,395",0,0,0,0,0,0,0,0,0,0,0,0,0
Port Aransas,"3,480",0,0,0,0,0,0,0,0,0,0,0,0,0
Port Arthur,"53,818",0,0,0,0,0,0,0,0,0,0,0,0,0
Port Isabel,"5,006",0,0,0,0,0,0,0,0,0,0,0,0,0
Port Lavaca,"12,248",0,0,0,0,0,0,0,0,0,0,0,0,0
Port Neches,"13,040",0,0,0,0,0,0,0,0,0,0,0,0,0
Post,"5,376",0,0,0,0,0,0,0,0,0,0,0,0,0
Poteet,"3,260",0,0,0,0,0,0,0,0,0,0,0,0,0
Poth,"1,908",0,0,0,0,0,0,0,0,0,0,0,,
Pottsboro,"2,160",0,0,0,0,0,0,0,0,0,0,0,0,0
Prairie View,"5,576",0,0,0,0,0,0,0,0,0,0,0,0,0
Premont,"2,653",0,,,,,,,0,0,0,0,0,0
Presidio,"4,426",0,0,0,0,0,0,0,0,0,0,0,0,0
Primera,"4,070",0,0,0,,,,,,,,,,
Princeton,"6,807",0,0,0,0,0,0,0,0,0,0,0,0,0
Progreso,"5,507",0,0,0,0,0,0,0,0,0,0,0,0,0
Prosper,"9,423",0,0,0,0,0,0,0,0,0,0,0,0,0
Providence Village,"8,440",0,0,0,0,0,0,0,0,0,0,0,0,0
Quanah,"2,641",0,0,0,0,0,0,0,0,0,0,0,0,0
Queen City,"1,476",0,0,0,0,0,0,0,0,0,0,0,0,0
Quinlan,"1,394",0,0,0,0,0,0,0,0,0,0,0,0,0
Quitman,"1,809",0,0,0,0,0,0,0,0,0,0,0,0,0
Ralls,"1,944",0,0,0,0,0,0,0,0,0,0,0,0,0
Rancho Viejo,"2,437",0,0,0,0,0,0,0,0,0,0,0,0,0
Ranger,"2,468",0,0,0,0,0,0,0,0,0,0,0,,
Ransom Canyon,"1,096",0,0,0,0,0,0,0,0,0,0,0,0,0
Red Oak,"10,769",0,0,0,0,0,0,0,0,0,0,0,0,0
Redwater,"1,057",0,0,0,0,0,0,0,0,0,0,0,0,0
Refugio,"2,890",0,0,0,0,0,0,0,0,0,0,0,0,0
Reno (Lamar County),"3,166",0,0,0,0,0,0,0,0,0,0,0,0,0
Reno (Parker County),"2,494",0,0,0,0,0,0,0,0,0,0,0,0,0
Rhome,"1,522",0,0,0,0,0,0,0,0,0,0,0,0,0
Rice,923,0,0,0,0,0,0,0,0,0,0,0,,
Richardson,"99,223",0,0,0,0,0,0,0,0,0,0,0,0,0
Richland,319,0,0,0,0,0,0,0,0,0,0,0,0,0
Richland Hills,"7,801",0,0,0,0,0,0,0,0,0,0,0,0,0
Richland Springs,335,0,,,,,0,0,0,0,0,0,0,0
Richmond,"11,679",0,0,0,0,0,0,0,0,0,0,0,0,0
Richwood,"3,510",0,0,0,0,0,0,0,0,0,0,0,0,0
Riesel,"1,007",0,0,0,0,0,0,0,0,0,0,0,0,0
Rio Bravo,"5,594",0,0,0,0,0,,,,,,,,
Rio Grande City,"13,834",0,0,0,0,0,0,0,0,0,0,0,0,0
Rio Hondo,"2,356",0,0,0,0,0,0,0,0,0,0,0,0,0
Rio Vista,873,0,0,0,,,,,,,,,,
Rising Star,835,0,0,0,0,0,0,0,0,0,0,0,0,0
River Oaks,"7,427",0,0,0,0,0,0,0,0,0,0,0,0,0
Roanoke,"5,962",0,0,0,0,0,0,0,0,0,0,0,0,0
Robert Lee,"1,049",0,0,0,0,0,0,0,0,0,0,0,0,0
Robinson,"10,509",0,0,0,0,0,0,0,0,0,0,0,0,0
Robstown,"11,487",0,0,0,0,0,0,0,0,0,0,0,0,0
Rochester,328,0,,,,,,,,,,,,
Rockdale,"5,595",0,0,0,0,0,0,0,0,0,0,0,0,0
Rockwall,"37,490",0,0,0,0,0,0,0,0,0,0,0,0,0
Rogers,"1,218",0,0,0,0,0,0,0,0,0,0,0,0,0
Rollingwood,"1,412",0,0,0,0,0,0,0,0,0,0,0,0,0
Roma,"9,765",0,0,0,0,0,0,0,0,0,0,0,0,0
Roman Forest,"1,538",0,0,0,0,0,0,0,0,0,0,0,0,0
Ropesville,434,0,0,0,0,0,0,0,0,0,0,0,,
Roscoe,"1,322",0,0,0,0,0,0,0,0,0,,,,
Rose City,502,0,0,0,0,0,0,0,0,0,0,0,0,0
Rosebud,"1,412",0,0,0,0,0,0,0,0,0,0,0,0,0
Rosenberg,"30,618",0,0,0,0,0,0,0,0,0,0,0,0,0
Rotan,"1,440",0,,,,,,,0,0,0,0,0,0
Round Rock,"99,887",0,0,0,0,0,0,0,0,0,0,0,0,0
Round Top,78,0,,,,,,,,,,,,
Roxton,650,0,0,0,0,0,0,0,0,0,,,,
Royse City,"9,349",0,0,0,0,0,0,0,0,0,0,0,0,0
Rule,636,0,,,,,0,0,0,0,0,0,,
Runaway Bay,"1,286",0,0,0,0,0,0,0,0,0,0,0,0,0
Rusk,"5,551",0,0,0,0,0,0,0,0,0,0,0,0,0
Sabinal,"1,695",0,0,0,0,0,0,0,0,0,0,0,0,0
Sachse,"20,329",0,0,0,0,0,0,0,0,0,0,0,0,0
Saginaw,"19,806",0,0,0,0,0,0,0,0,0,0,0,0,0
Saint Hedwig,"2,073",0,0,0,0,0,0,0,0,0,0,0,0,0
Saint Jo,"1,043",0,0,0,0,0,0,0,0,0,0,0,0,0
Salado,"2,126",0,0,0,0,0,0,0,0,0,0,0,,
San Antonio,"1,327,407",0,0,0,0,0,0,0,0,0,0,0,0,0
San Augustine,"2,108",0,0,0,0,0,0,0,,,,,,
San Benito,"24,250",0,0,0,0,0,0,0,0,0,0,0,0,0
San Diego,"4,488",0,0,0,0,0,0,0,0,0,0,0,0,0
San Elizario,"11,046",0,0,0,0,0,0,0,0,0,0,0,0,0
San Felipe,747,0,,,0,0,0,0,0,0,0,0,0,0
San Juan,"33,856",0,0,0,0,0,0,0,0,0,0,0,0,0
San Marcos,"44,894",0,0,0,0,0,0,0,0,0,0,0,0,0
San Saba,"3,099",0,0,0,0,0,0,0,0,0,0,0,0,0
Sanctuary,,0,0,0,0,0,0,0,0,0,,,,
"Sandy Oaks, City of",,0,0,0,0,0,0,0,0,0,0,0,,
Sanger,"6,916",0,0,0,0,0,0,0,0,0,0,0,0,0
Sansom Park,"4,686",0,0,0,0,0,0,0,0,0,0,0,,
Santa Anna,"1,099",0,0,0,0,0,0,0,0,0,0,0,0,0
Santa Clara,912,0,,,0,0,0,0,0,0,0,0,0,0
Santa Fe,"12,222",0,0,0,0,0,0,0,0,0,0,0,0,0
Santa Rosa,"2,873",0,,,,,,,,,,,,
Savoy,831,0,0,0,0,0,,,,,,,,
Schertz,"31,465",0,0,0,0,0,0,0,0,0,0,0,0,0
Schulenburg,"2,852",0,0,0,0,0,0,0,0,0,0,0,0,0
Scurry,694,0,0,0,0,0,0,0,0,0,0,0,0,0
Seabrook,"11,952",0,0,0,0,0,0,0,0,0,0,0,0,0
Seadrift,"1,364",0,0,0,0,0,0,0,0,0,0,0,0,0
Seagoville,"14,835",0,0,0,0,0,0,0,0,0,0,0,0,0
Seagraves,"2,417",0,0,0,0,0,0,0,0,0,0,0,0,0
Sealy,"6,019",0,0,0,0,0,0,0,0,0,0,0,0,0
Seguin,"25,175",0,0,0,0,0,0,0,0,0,0,0,0,0
Selma,"5,540",0,0,0,0,0,0,0,0,0,0,0,0,0
Seven Oaks,111,0,,,,,,,,,,,,
Seven Points,"1,455",0,0,0,0,0,0,0,0,0,0,0,0,0
Seymour,"2,740",0,0,0,0,0,0,0,0,0,0,0,0,0
Shady Shores,"2,612",0,0,0,0,0,0,0,0,0,0,0,0,0
Shallowater,"2,484",0,0,0,0,0,0,0,0,0,0,0,0,0
Shamrock,"1,910",0,0,0,0,0,0,0,0,0,0,0,0,0
Shavano Park,"3,035",0,0,0,0,0,0,0,0,0,0,0,0,0
Shenandoah,"2,134",0,0,0,0,0,0,0,0,0,0,0,0,0
Shepherd,"2,319",0,0,0,0,0,0,0,0,0,0,0,0,0
Sherman,"38,521",0,0,0,0,0,0,0,0,0,0,0,0,0
Shiner,"2,069",0,0,0,0,0,0,0,0,0,0,0,0,0
Shoreacres,"1,493",0,0,0,0,0,0,0,0,0,0,0,0,0
Simonton,814,0,0,0,0,0,0,0,0,0,0,0,0,0
Skellytown,473,0,0,0,0,0,0,0,0,0,0,0,0,0
Slaton,"6,121",0,0,0,0,0,0,0,0,0,0,0,0,0
Smiley,549,0,0,0,0,0,0,0,0,0,0,0,0,0
Snook,569,0,0,0,0,0,0,0,0,0,0,0,,
Snyder,"11,202",0,0,0,0,0,0,0,0,0,0,0,,
Somerset,"1,631",0,0,0,0,0,0,0,0,0,0,0,0,0
Somerville,"1,376",0,0,0,0,0,0,0,0,0,0,0,0,0
Sonora,"3,027",0,0,0,0,0,0,0,0,0,0,0,0,0
South Houston,"16,983",0,0,0,0,0,0,0,0,0,0,0,0,0
South Padre Island,"2,816",0,0,0,0,0,0,0,0,0,0,0,0,0
Southlake,"26,575",0,0,0,0,0,0,0,0,0,0,0,0,0
Southmayd,992,0,0,0,0,0,0,0,0,0,0,0,0,0
Southside Place,"1,715",0,0,0,0,0,0,0,0,0,0,0,0,0
Spearman,"3,368",0,0,0,0,0,0,0,0,0,0,0,0,0
Splendora,"1,615",0,0,0,0,0,0,0,0,0,0,0,0,0
Spring Valley Village,"3,715",0,0,0,0,0,0,0,0,0,0,0,0,0
Springtown,"2,658",0,0,0,0,0,0,0,0,0,0,0,0,0
Spur,"1,318",0,0,0,0,0,0,0,0,0,0,0,0,0
Stafford,"17,693",0,0,0,0,0,0,0,0,0,0,0,0,0
Stagecoach,538,0,0,0,0,0,0,0,0,0,0,0,0,0
Stamford,"3,124",0,0,0,0,0,0,0,,,,,,
Stanton,"2,492",0,0,0,0,0,0,0,0,0,0,0,0,0
Stinnett,"1,881",0,0,0,0,0,0,0,0,0,0,0,0,0
Stockdale,"1,442",0,0,0,0,0,0,0,0,0,0,0,0,0
Stratford,"2,017",0,0,0,0,0,0,0,0,0,0,0,0,0
Strawn,653,0,,,,,,,,,,,,
Sudan,958,0,0,0,0,0,0,0,0,0,0,0,0,0
Sugar Land,"78,817",0,0,0,0,0,0,0,0,0,0,0,0,0
Sullivan City,"4,002",0,0,0,0,0,0,0,,,,,,
Sulphur Springs,"15,449",0,0,0,0,0,0,0,0,0,0,0,0,0
Sundown,"1,397",0,0,0,0,0,0,0,0,0,0,0,0,0
Sunnyvale,"5,130",0,0,0,0,0,0,0,0,0,0,0,0,0
Sunrise Beach Village,713,0,0,0,0,0,0,0,0,0,0,0,0,0
Sunset,497,0,,,,,,,,,,,,
Sunset Valley,749,0,0,0,0,0,0,0,0,0,0,0,0,0
Surfside Beach,482,0,0,0,0,0,0,0,0,0,0,0,0,0
Sweeny,"3,684",0,0,0,0,0,0,0,0,0,0,0,0,0
Sweetwater,"10,906",0,0,0,0,0,0,0,0,0,0,0,0,0
Taft,"3,048",0,0,0,0,0,0,0,0,0,0,0,,
Tahoka,"2,673",0,0,0,0,0,0,0,0,0,0,0,0,0
Talty,"1,535",0,0,0,0,0,0,0,0,0,0,0,0,0
Tatum,"1,385",0,0,0,0,0,0,0,0,0,0,0,0,0
Taylor,"15,191",0,0,0,0,0,0,0,0,0,0,0,0,0
Taylor Lake Village,"3,544",0,0,0,0,0,0,0,0,0,0,0,0,0
Teague,"3,560",0,0,0,0,0,0,0,0,0,0,0,0,0
Temple,"66,102",0,0,0,0,0,0,0,0,0,0,0,0,0
Tenaha,"1,160",0,0,0,0,0,0,0,0,0,0,0,0,0
Terrell,"15,816",0,0,0,0,0,0,0,0,0,0,0,,
Terrell Hills,"4,878",0,0,0,0,0,0,0,0,0,0,0,0,0
Texarkana,"36,411",0,0,0,0,0,0,0,0,0,0,0,0,0
Texhoma,346,0,0,0,0,0,0,0,0,0,0,0,0,0
Texline,507,0,0,0,0,0,0,0,0,0,0,0,0,0
The Colony,"36,328",0,0,0,0,0,0,0,0,0,0,0,0,0
Thompsons,246,0,0,0,0,0,0,0,0,0,0,0,,
Thorndale,"1,336",0,0,0,0,0,0,0,0,0,0,0,0,0
Thornton,537,0,0,0,0,0,0,0,0,0,0,0,0,0
Thorntonville,476,0,,,,,,,,,,,,
Thrall,839,0,0,0,0,0,0,0,0,0,0,0,0,0
"Tiki Island, Village of",968,0,,,,,,,0,0,0,0,0,0
Timbercreek Canyon,418,0,,,0,0,0,0,0,0,0,0,0,0
Timpson,"1,155",0,0,0,0,0,0,0,0,0,0,0,0,0
Tioga,803,0,0,0,0,0,0,0,0,0,0,0,0,0
Todd Mission,,0,0,0,0,0,0,0,0,0,0,0,0,0
Tolar,681,0,0,0,0,0,0,0,0,0,0,0,0,0
Tom Bean,"1,045",0,0,0,0,0,0,0,0,0,0,0,0,0
Tomball,"10,753",0,0,0,0,0,0,0,0,0,0,0,0,0
Tool,"2,240",0,0,0,0,0,0,0,0,0,0,0,0,0
Town of Pecos City,"8,780",0,0,0,0,0,0,0,0,0,0,0,0,0
Toyah,90,0,,,,,,,,,,,,
Trenton,635,0,0,0,0,0,0,0,0,0,0,0,0,0
Trinidad,886,0,0,0,0,0,0,0,0,0,0,0,0,0
Trinity,"2,697",0,0,0,0,0,0,0,0,0,0,0,0,0
Trophy Club,"8,024",0,0,0,0,0,0,0,0,0,0,0,0,0
Troup,"1,869",0,0,0,0,0,0,0,0,0,0,0,0,0
Troy,"1,645",0,0,0,0,0,0,0,0,0,0,0,0,0
Tulia,"4,967",0,0,0,0,0,0,0,,,0,0,,
Tuscola,,0,0,0,0,0,0,0,0,0,0,0,0,0
Tye,"1,242",0,0,0,0,0,0,0,0,0,0,0,,
Universal City,"18,530",0,0,0,0,0,0,0,0,0,0,0,0,0
University Park,"23,068",0,0,0,0,0,0,0,0,0,0,0,0,0
Uvalde,"15,751",0,0,0,0,0,0,0,0,0,0,0,0,0
Valley Mills,"1,203",0,0,0,0,0,0,0,0,0,0,0,0,0
Valley View,757,0,0,0,0,0,0,0,0,0,0,0,0,0
Van,"2,632",0,0,0,0,0,0,0,0,0,0,0,0,0
Van Alstyne,"3,046",0,0,0,0,0,0,0,0,0,0,0,0,0
Van Horn,"2,063",0,0,0,0,0,0,0,0,0,0,0,0,0
Vega,884,0,0,0,0,0,0,0,0,0,0,0,,
Venus,"2,960",0,0,0,0,0,0,0,0,0,0,0,0,0
Victoria,"62,592",0,0,0,0,0,0,0,0,0,0,0,0,0
Volente,394,0,0,0,0,0,0,0,0,0,0,0,,
Von Ormy,"1,085",0,0,0,0,0,0,0,0,0,0,0,0,0
Waco,"124,805",0,0,0,0,0,0,0,0,0,0,0,0,0
Waelder,"1,065",0,0,0,0,0,0,0,,,,,,
Wake Village,"5,492",0,0,0,0,0,0,0,0,0,0,0,0,0
Waller,"2,326",0,0,0,0,0,0,0,0,0,0,0,0,0
Wallis,"1,252",0,0,0,0,0,0,0,0,0,0,0,0,0
Walnut Springs,827,0,0,0,0,0,0,0,0,0,,,,
Waskom,"2,160",0,0,0,0,0,0,0,0,0,0,0,0,0
Waxahachie,"29,621",0,0,0,0,0,0,0,0,0,0,0,0,0
Weatherford,"25,250",0,0,0,0,0,0,0,0,0,0,0,0,0
Webster,"10,400",0,0,0,0,0,0,0,0,0,0,0,0,0
Weimar,"2,151",0,0,0,0,0,0,0,0,0,0,0,0,0
Weinert,172,0,0,0,0,0,0,0,0,0,,,,
Wellington,"2,189",0,0,0,0,0,0,0,0,0,0,0,0,0
Wells,790,0,0,0,0,0,0,0,0,0,0,0,0,0
Weslaco,"35,670",0,0,0,0,0,0,0,0,0,0,0,0,0
West,"2,807",0,0,0,0,0,0,0,0,0,0,0,0,0
West Columbia,"3,905",0,0,0,0,0,0,0,0,0,,,,
West Lake Hills,"3,063",0,0,0,0,0,0,0,0,0,0,0,0,0
West Orange,"3,443",0,0,0,0,0,0,0,0,0,0,0,0,0
West Tawakoni,"1,576",0,0,0,,,,,0,0,0,0,0,0
West University Place,"14,787",0,0,0,0,0,0,0,0,0,0,0,0,0
Westlake,992,0,0,0,0,0,0,0,0,0,0,0,0,0
Westover Hills,693,0,0,0,0,0,0,0,0,0,0,0,0,0
Westworth Village,"2,472",0,0,0,0,0,0,0,0,0,0,0,0,0
Wharton,"8,832",0,0,0,0,0,0,0,0,0,0,0,0,0
Wheeler,"1,592",0,0,0,0,0,0,0,0,0,0,0,0,0
White Deer,"1,000",0,0,0,0,0,0,0,0,0,0,0,,
White Oak,"6,469",0,0,0,0,0,0,0,0,0,0,0,0,0
White Settlement,"16,116",0,0,0,0,0,0,0,0,0,0,0,0,0
Whiteface,449,0,,,,,,,,,,,,
Whitehouse,"7,660",0,0,0,0,0,0,0,0,0,0,0,0,0
Whitesboro,"3,793",0,0,0,0,0,0,0,0,0,0,0,0,0
Whitewright,"1,604",0,0,0,0,0,0,0,0,0,0,0,0,0
Wichita Falls,"104,553",0,0,0,0,0,0,0,0,0,0,0,0,0
Wickett,498,0,0,0,0,0,0,0,0,0,0,0,,
Willis,"5,662",0,0,0,0,0,0,0,0,0,0,0,0,0
Willow Park,"3,982",0,0,0,0,0,0,0,0,0,0,0,0,0
Wills Point,"3,524",0,0,0,0,0,0,0,0,0,0,0,,
Wilmer,"3,682",0,0,0,0,0,0,0,0,0,0,0,0,0
Wilson,469,0,0,0,0,0,0,0,0,0,0,0,0,0
Wimberley,"2,626",0,0,0,0,0,0,0,0,0,,,,
Windcrest,"5,364",0,0,0,0,0,0,0,0,0,0,0,0,0
Windthorst,409,0,0,0,0,0,0,0,0,0,,,,
Winfield,524,0,0,0,0,0,0,0,0,0,0,0,,
Wink,940,0,0,0,0,0,0,0,0,0,0,0,0,0
Winnsboro,"3,434",0,0,0,0,0,0,0,0,0,0,0,0,0
Winona,576,0,0,0,0,0,0,0,0,0,,,,
Winters,"2,562",0,0,0,0,0,0,0,0,0,0,0,0,0
Wolfe City,"1,412",0,,,,,,,,,,,,
Wolfforth,"3,670",0,0,0,0,0,0,0,0,0,0,0,0,0
Woodbranch,"1,282",0,0,0,0,0,0,0,0,0,0,0,0,0
Woodcreek,"1,457",0,0,0,0,0,0,0,,,,,,
Woodsboro,"1,512",0,0,0,0,0,0,0,0,0,0,0,0,0
Woodway,"8,452",0,0,0,0,0,0,0,0,0,0,0,0,0
Yoakum,"5,815",0,0,0,0,0,0,0,0,0,0,0,0,0
Yorktown,"2,092",0,0,0,0,0,0,0,0,0,0,0,0,0
Zavalla,713,0,0,0,0,0,0,0,0,0,0,0,,
